date,type,category,topic,question,correct_answer,hook,mnemonic,thumbnail_text,title,video_file,publish_status
2026-09-24,long,Sepsis case study,Sepsis in older adult with CAUTI,6-question NGN case study,Multiple,Can you pass this NGN case study?,MAP <65 / check home meds / listen to lungs,WOULD YOU CATCH IT?,Can You Pass This NGN Case Study? (Sepsis 6 Questions),NCLEX_Video1_Sepsis_Case_Study.mp4,uploaded by user
2026-09-24,long,Prioritization,3-step priority method,5 who-first questions,Multiple,Who do you see first?,Expected > actual/acute > ABC,WHO DO YOU SEE FIRST?,NCLEX Priority Questions: Who Do You See First?,NCLEX_Video2_Priority_Questions.mp4,user scheduling
2026-09-25,long,NGN item types,Bowtie questions,3 bowties: DKA / opioid / magnesium,Multiple,Bowtie questions explained,Start in the middle,BOWTIE QUESTIONS,NCLEX Bowtie Questions Explained,NCLEX_Video3_Bowtie_Questions.mp4,user scheduling
2026-09-25,long,Delegation,RN vs LPN vs AP,5 delegation questions,Multiple,Can you delegate this?,RN keeps EAT (Evaluate Assess Teach),CAN YOU DELEGATE THIS?,NCLEX Delegation Questions: RN vs LPN vs AP,NCLEX_Video4_Delegation.mp4,user scheduling
2026-09-25,long,Exam rules,NCLEX stopping rules myths,5 true/false myths,Multiple,Shut off at 85: pass or fail?,3 stopping rules,SHUT OFF AT 85?,NCLEX Shut Off at 85: Pass or Fail?,NCLEX_Video5_Myths.mp4,user scheduling
2026-09-26,long,Mental health,Therapeutic communication,5 communication questions,Multiple,What do you say?,Feelings first / cross out blockers / safety,WHAT DO YOU SAY?,NCLEX Therapeutic Communication: What Do You Say?,NCLEX_Video6_Communication.mp4,user scheduling
2026-09-27,short,Infection control,Suspected TB precautions,Which precaution for suspected TB?,C - Airborne: N95 + negative-pressure room,TB PATIENT. WHICH PRECAUTION?,MTV = Measles TB Varicella,TB PATIENT. WHICH PRECAUTION?,Suspected TB: Which Precautions? #NCLEX,NCLEX_Short_TB_v2.mp4,scheduled 2026-09-28 (IG 10am FB 12pm YT 4pm TT 6pm ET)
2026-09-27,short,Prioritization,Anaphylaxis airway priority,Which client should the nurse assess first?,B - Peanut allergy with tight throat,4 CLIENTS. WHO DO YOU SEE FIRST?,ABC - airway first,WHO DO YOU SEE FIRST?,NCLEX Priority Question: Which Client Do You Assess First?,NCLEXlife_Short_Priority_Anaphylaxis.mp4,scheduled 2026-09-29 (IG 10am FB 12pm YT 4pm TT 6pm ET)
2026-09-27,short,Delegation,Delegating routine tasks to UAP,Which task can the RN delegate to the UAP?,D - Collect a routine urine specimen,RN OR UAP? CAN YOU DELEGATE THIS?,EAT = Evaluate Assess Teach (RN keeps),CAN YOU DELEGATE THIS?,NCLEX Delegation: What Can the RN Delegate to the UAP?,NCLEXlife_Short_Delegation_UAP.mp4,scheduled 2026-09-27 15:30 ET (YT/IG/TikTok/FB)
2026-09-28,short,Pharmacology,Hold digoxin for low apical pulse,Which medication should the nurse HOLD?,C - Digoxin with apical pulse 52,WHICH MED DO YOU HOLD?,Digoxin: apical pulse under 60 = hold,WHICH MED DO YOU HOLD?,NCLEX Pharmacology: Which Medication Should the Nurse Hold?,NCLEXlife_Short_Pharm_Digoxin.mp4,published 2026-09-27 18:15 ET (all 4)
